{"init_params": {"cat_dims": [4, 10, 10, 5, 6828, 7, 355, 8, 9, 6, 6, 5, 284, 7, 14, 53, 11, 53], "cat_emb_dim": [1, 1, 1, 1, 1, 1, 1, 1, 1, 1, 1, 1, 1, 1, 1, 1, 1, 1], "cat_idxs": [0, 1, 2, 3, 4, 5, 6, 7, 8, 9, 10, 11, 12, 13, 14, 15, 16, 17], "clip_value": 1, "device_name": "auto", "epsilon": 1e-15, "gamma": 1.5, "grouped_features": [], "input_dim": 36, "lambda_sparse": 0.001, "mask_type": "sparsemax", "momentum": 0.02, "n_a": 16, "n_d": 16, "n_indep_decoder": 1, "n_independent": 2, "n_shared": 2, "n_shared_decoder": 1, "n_steps": 5, "optimizer_params": {"lr": 0.02, "weight_decay": 1e-05}, "output_dim": 2, "scheduler_params": {"step_size": 10, "gamma": 0.9}, "seed": 42, "verbose": 2}, "class_attrs": {"preds_mapper": {"0": 0, "1": 1}}}