{"init_params": {"cat_dims": [], "cat_emb_dim": [], "cat_idxs": [], "clip_value": 2.0, "device_name": "auto", "epsilon": 1e-15, "gamma": 1.5, "grouped_features": [], "input_dim": 46, "lambda_sparse": 0.0001, "mask_type": "sparsemax", "momentum": 0.3, "n_a": 32, "n_d": 32, "n_indep_decoder": 1, "n_independent": 2, "n_shared": 2, "n_shared_decoder": 1, "n_steps": 5, "optimizer_params": {"lr": 0.02}, "output_dim": 2, "scheduler_params": {"step_size": 10, "gamma": 0.9}, "seed": 46, "verbose": 0}, "class_attrs": {"preds_mapper": {"0": 0, "1": 1}}}